ŒÔ¡œ±‡¬Î,2023-10-08,2023-10-09,2023-10-10,2023-10-11,2023-10-12,2023-10-13,2023-10-14,2023-10-15,2023-10-16,2023-10-20,2023-10-21,2023-10-23,2023-10-24,2023-10-25,2023-10-26,2023-10-28,2023-10-29,2023-10-30,2023-11-03,2023-11-04,2023-11-06,2023-11-07,2023-11-08,2023-11-09,2023-11-10,2023-11-11,2023-11-12,2023-11-13,2023-11-14,2023-11-15,2023-11-16,2023-11-17,2023-11-18,2023-11-20,2023-11-21,2023-11-22,2023-11-23,2023-11-24,2023-11-28,2023-11-29,2023-11-30,2023-12-02,2023-12-04,2023-12-05,2023-12-07,2023-12-10,2023-12-14,2023-12-16,2023-12-18,2023-12-19,2023-12-20,2023-12-21,2023-12-23,2023-12-24,2023-12-25,2023-12-26,2023-12-28,2023-12-29,2024-01-07,2024-01-14,2024-01-21,2024-01-28,2024-01-29,2024-02-06,2024-02-07,2024-02-14,2024-02-15,2024-02-19,2024-02-21,2024-02-22,2024-02-26,2024-02-27,2024-02-28,2024-02-29,2024-03-01,2024-03-02,2024-03-04,2024-03-05,2024-03-06,2024-03-07,2024-03-13,2024-03-14,2024-03-15,2024-03-16,2024-03-18,2024-03-20,2024-03-21,2024-03-22,2024-03-25,2024-03-26,2024-03-27,2024-03-28,2024-03-29,2024-04-01,2024-04-02,2024-04-03,2024-04-04,2024-04-05,2024-04-06,2024-04-07,2024-04-08,2024-04-09,2024-04-11,2024-04-12,2024-04-14,2024-04-15,2024-04-16,2024-04-17,2024-04-21,2024-04-24,2024-04-27,2024-04-28,2024-04-29,2024-05-01,2024-05-04,2024-05-06,2024-05-07,2024-05-08,2024-05-09,2024-05-10,2024-05-13,2024-05-14,2024-05-16,2024-05-18,2024-05-21,2024-05-22,2024-05-23,2024-05-24,2024-05-25,2024-05-27,2024-05-29,2024-05-30,2024-05-31,2024-06-01,2024-07-09,2024-07-13
13.01.04.041,699,699,699,699,699,699,492,492,492,492,285,285,285,285,285,78,78,78,78,78,78,-129,-129,-129,-129,-129,-129,-129,-336,-336,-336,-336,-336,-336,-543,-543,-543,-543,-750,-750,-750,-750,-750,-750,-957,-957,-1164,-1164,-1164,-1164,-1164,-1567,-1567,-1567,-1567,-1567,-1774,-1774,-1981,-2188,-2591,-2798,-2798,-2798,-3005,-3212,-2412,-2412,-2815,-2815,-2815,-2815,-3022,-3022,-2222,-2222,-2222,-2222,-2222,-2429,-2429,-2636,-2636,-1836,-1836,-1836,-2239,-2239,-2239,-2239,-2239,-2446,-2446,-2446,-2446,-1646,-1646,-1646,-1646,-1853,-1853,-1853,-1853,-1853,-2060,-2060,-1260,-1260,-1663,-863,-863,-1070,-1070,-1070,-1070,-1070,-1070,-1070,-1070,-1070,-1070,-1070,-1070,-1070,-1070,-270,-270,530,530,530,1330,1330,1330,1330,1330,1330
13.01.04.042,594,594,594,594,594,594,539,539,539,594,539,539,539,-161,-161,-216,-216,-216,-216,-216,-216,-1771,-1771,-1771,-1771,-1771,-1771,-1771,-1826,-1826,-1826,-1826,-1826,-1826,-1881,-1881,-1881,-1881,-1936,-1936,-1936,-1936,-1936,-1936,-1991,-1991,-2046,-2046,-2046,-2046,-2046,-2521,-2521,-2521,-2521,-2521,-2576,-2576,-2631,-2686,-3161,-3216,-3216,-1771,-1826,-1881,-1881,-1881,-2356,-2356,-856,-856,-911,-911,-911,-911,-911,-911,-911,-966,-966,-1021,-1021,-1021,-1021,-1021,-1496,-1496,-1496,-1496,-1496,-1551,-1551,-51,-51,-51,-51,-51,-51,-106,-106,-106,-106,-106,-161,-161,-161,-161,-636,-636,-636,-691,-691,-691,-691,-691,-691,-691,-691,-691,-691,-691,-691,-691,809,809,809,809,809,809,809,809,809,809,809,809
13.01.04.035,92,92,92,92,92,92,82,82,82,282,272,272,272,272,272,262,262,262,262,262,262,252,252,252,252,252,252,252,242,242,242,242,242,242,232,232,232,232,222,222,222,222,222,222,212,212,202,202,202,202,202,192,192,192,192,192,182,182,172,162,152,142,142,142,132,122,122,122,112,112,112,112,102,102,102,102,102,102,102,92,92,82,82,82,82,82,72,72,72,72,72,62,62,62,62,62,62,62,62,52,52,52,52,52,42,42,42,42,32,32,32,22,222,222,222,222,222,222,222,222,222,222,222,222,222,222,222,222,222,222,222,222,222,222,222,222
13.01.04.036,0,0,0,0,0,0,0,0,0,0,0,0,0,0,0,0,0,0,0,0,0,0,0,0,0,0,0,0,0,0,0,0,0,0,0,0,0,0,0,0,0,0,0,0,0,0,0,0,0,0,0,0,0,0,0,0,0,0,0,0,0,0,0,0,0,0,0,0,0,0,0,0,0,0,0,0,0,0,0,0,0,0,0,0,0,0,0,0,0,0,0,0,0,0,0,0,0,0,0,0,0,0,0,0,0,0,0,0,0,0,0,0,0,0,0,0,0,0,0,0,0,0,0,0,0,0,0,0,0,0,0,0,0,0,0,0
13.01.04.053,131,131,131,131,131,131,131,131,131,131,131,131,131,131,131,131,131,131,131,131,131,131,131,131,131,131,131,131,131,131,131,131,131,131,131,131,131,131,131,131,131,131,131,131,131,131,131,131,131,131,131,131,131,131,131,131,131,131,131,131,131,131,131,131,131,131,131,131,131,131,131,131,131,131,131,131,131,131,131,131,131,131,131,131,131,131,131,131,131,131,131,131,131,131,131,131,131,131,131,131,131,131,131,131,131,131,131,131,131,131,131,131,131,131,131,131,131,131,131,131,131,131,131,131,131,131,131,131,131,131,131,131,131,131,131,131
13.01.04.059,603,603,603,603,603,603,603,203,203,203,203,203,203,203,203,203,203,203,203,203,203,203,203,203,203,203,203,203,203,203,203,203,203,203,203,203,203,203,203,203,203,203,203,203,203,203,203,203,203,203,203,203,203,203,203,203,203,203,203,203,203,203,203,203,203,203,203,203,203,203,203,203,203,203,203,203,203,203,203,203,203,203,203,203,203,203,203,203,203,203,203,203,203,203,203,203,203,203,203,203,203,203,203,203,203,203,203,203,203,203,203,203,203,203,203,203,203,203,203,203,203,203,203,203,203,203,203,203,203,203,203,203,203,203,203,203
13.01.04.060,25,25,25,25,25,-85,-85,-85,-85,-85,-85,-85,-85,-85,-85,15,15,15,15,15,15,15,15,15,15,15,15,15,15,15,15,15,15,15,15,15,15,15,15,15,15,15,15,15,15,15,15,15,15,15,15,15,15,15,15,15,15,15,15,15,15,15,15,15,15,15,15,15,15,15,15,15,15,15,15,15,15,15,15,15,15,15,15,15,15,15,15,15,15,15,15,15,15,15,15,15,15,15,15,15,15,15,15,15,15,15,15,15,15,15,15,15,15,15,15,15,15,15,15,15,15,15,15,15,15,15,15,15,15,15,15,15,15,15,15,15
13.01.04.033,10092,10092,10092,10092,10092,10092,10092,10092,10092,10092,10092,10092,10092,10092,10092,10092,10092,10092,10092,10092,10092,10092,10092,10092,10092,10092,10092,10092,10092,10092,10092,10092,10092,10092,10092,10092,10092,10092,10092,10092,10092,10092,10092,10092,10092,10092,10092,10092,10092,10092,10092,10092,10092,10092,10092,10092,10092,10092,10092,10092,10092,10092,10092,10092,10092,10092,10092,10092,10092,10092,10092,10092,10092,10092,10092,10092,10092,10092,10092,10092,10092,10092,10092,10092,10092,10092,10092,10092,10092,10092,10092,10092,10092,10092,10092,10092,10092,10092,10092,10092,10092,10092,10092,10092,10092,10092,10092,10092,10092,10092,10092,10092,10092,10092,10092,10092,10092,10092,10092,10092,10092,10092,10092,10092,10092,10092,10092,10092,10092,10092,10092,10092,10092,10092,10092,10092
13.01.08.005,601,601,601,601,601,601,1153,1153,1153,1153,805,805,805,805,805,457,457,1357,1357,1357,1357,1009,1009,1009,1009,1009,1009,1009,661,661,661,661,661,661,313,313,313,313,-35,-35,-35,-35,-35,-35,-383,-383,-731,-731,-731,-731,-731,-1229,-1229,-1229,-1229,-1229,-1577,-1577,-1925,-2273,-2771,-3119,-3119,-3119,-3467,-3815,-3815,-3815,-4313,-4313,-4313,-4313,-4661,-4661,-4661,-4661,-4661,-4661,-3761,-4109,-4109,-4457,-3557,-3557,-3557,-3557,-4055,-4055,-3155,-3155,-3155,-3503,-3503,-3503,-3503,-3503,-3503,-3503,-2603,-2951,-2951,-2951,-2951,-2951,-3299,-3299,-3299,-2399,-2897,-2897,-2897,-3245,-3245,-3245,-3245,-3245,-2345,-1445,-1445,-1445,-1445,-1445,-1445,-545,-545,-545,-545,-545,-545,355,355,355,355,1255,1255,1255
13.01.08.006,1167,1167,1167,1167,1167,1167,857,857,857,857,697,697,697,697,697,537,537,537,2637,2637,2637,1277,1277,1277,1277,1277,1277,1277,1117,3217,3217,3217,3217,3217,3057,3057,3057,3057,1897,1897,1897,1897,1897,1897,-263,-263,-423,-423,-423,-423,-423,-1547,-1547,-1547,-1547,-1547,-1707,-1707,-1867,-2027,-3151,-3311,-3311,-3311,-3471,-3631,-3631,-3631,-4755,-4755,-4755,-4755,-4915,-4915,-4915,-4915,-4915,-4915,-4915,-5075,-5075,-5235,-5235,-5235,-3135,-3135,-14259,-14259,-14259,-14259,-14259,-14419,-12319,-12319,-12319,-12319,-12319,-12319,-12319,-12479,-12479,-12479,-10379,-10379,-10539,-10539,-10539,-10539,-11663,-11663,-11663,-11823,-11823,-11823,-2823,-2823,-2823,-2823,-2823,-2823,-723,-723,1377,1377,1377,1377,1377,1377,1377,1377,1377,1377,1377,1377,1377,1377
13.01.08.007,64,64,564,764,764,764,739,739,739,739,714,514,514,514,514,489,489,489,489,489,489,464,464,464,464,464,464,464,439,439,439,439,439,439,414,414,814,914,889,889,889,889,889,889,864,864,839,839,839,839,839,814,814,614,614,614,589,589,564,539,514,489,489,489,464,439,439,439,414,414,414,414,389,389,389,389,389,389,389,364,364,339,339,339,339,339,314,314,314,314,314,289,289,289,289,289,289,289,289,264,264,264,264,264,239,239,239,239,214,214,214,189,189,189,189,189,189,189,189,189,189,189,189,189,189,189,189,189,189,189,189,189,189,189,189,189
13.01.08.008,199,199,199,199,199,199,199,199,199,199,199,199,199,199,199,199,199,199,199,199,199,199,199,199,199,199,199,199,199,199,199,199,199,199,199,199,199,199,199,199,199,199,199,199,199,199,199,199,199,199,199,199,199,199,199,199,199,199,199,199,199,199,199,199,199,199,199,199,199,199,199,199,199,199,199,199,199,199,199,199,199,199,199,199,199,199,199,199,199,199,199,199,199,199,199,199,199,199,199,199,199,199,199,199,199,199,199,199,199,199,199,199,199,199,199,199,199,199,199,199,199,199,199,199,199,199,199,199,199,199,199,199,199,199,199,199
13.01.08.009,4024,4024,4024,4024,4024,4024,4024,4024,4024,4024,4024,4024,4024,4024,4024,4024,4024,4024,4024,4024,4024,4024,4024,4024,4024,4024,4024,4024,4024,4024,4024,4024,4024,4024,4024,4024,4024,4024,4024,4024,4024,4024,4024,4024,4024,4024,4024,4024,4024,4024,4024,4024,4024,4024,4024,4024,4024,4024,4024,4024,4024,4024,4024,4024,4024,4024,4024,4024,4024,4024,4024,4024,4024,4024,4024,4024,4024,4024,4024,4024,4024,4024,4024,4024,4024,4024,4024,4024,4024,4024,4024,4024,4024,4024,4024,4024,4024,4024,4024,4024,4024,4024,4024,4024,4024,4024,4024,4024,4024,4024,4024,4024,4024,4024,4024,4024,4024,4024,4024,4024,4024,4024,4024,4024,4024,4024,4024,4024,4024,4024,4024,4024,4024,4024,4024,4024
13.01.08.010,5,5,5,5,5,5,5,5,5,5,5,5,5,5,5,5,5,5,5,5,5,5,5,5,5,5,5,5,5,5,5,5,5,5,5,5,5,5,5,5,5,5,5,5,5,5,5,5,5,5,5,5,5,5,5,5,5,5,5,5,5,5,5,5,5,5,5,5,5,5,5,5,5,5,5,5,5,5,5,5,5,5,5,5,5,5,5,5,5,5,5,5,5,5,5,5,5,5,5,5,5,5,5,5,5,5,5,5,5,5,5,5,5,5,5,5,5,5,5,5,5,5,5,5,5,5,5,5,5,5,5,5,5,5,5,5
13.01.07.001,1002,1002,1002,1002,1002,1002,539,539,539,539,76,76,76,76,76,-387,-387,-387,-387,-387,-387,-850,-850,-850,-850,-850,-850,-850,-1313,-1313,-1313,-1313,-1313,-1313,-1776,-1776,-1776,-1776,-2239,-2239,-2239,-2239,-2239,-2239,-2702,-2702,-3165,-3165,-3165,-3165,-3165,-4106,-4106,-4106,-2606,-2606,-1569,-1569,-2032,-2495,-3436,-3899,-3899,-3899,-4362,-4825,-4825,-4825,-5766,-5766,-5766,-5766,-6229,-6229,-6229,-6229,-6229,-6229,-6229,-6692,-6692,-7155,-7155,-7155,-7155,-7155,-6596,-6596,-6596,-6596,-6596,-7059,-7059,-7059,-7059,-7059,-7059,-5559,-5559,-6022,-4522,-4522,-4522,-3022,-3485,-3485,-3485,-3485,-4426,-4426,-4426,-4889,-4889,-3389,-3389,-3389,-3389,-3389,-3389,-1889,-1889,-1889,-1889,-1889,-389,-389,-389,-389,-389,-389,-389,1111,1111,1111,1111,1111
13.01.07.002,1053,-1417,-1417,1583,1583,1583,-5179,-5179,-5179,-5179,-6941,-6941,-6941,-6941,-6941,-7203,-7203,-7203,-7203,-7203,-7203,-10965,-10965,-10965,-10965,-10965,-10965,-10965,-11227,-11227,-11227,-11227,-11227,-11227,-11489,-11489,-11489,-11489,-11751,-11751,-11751,-11751,-11751,-11751,-17013,-17013,-17275,-17275,-17275,-17275,-17275,-22215,-22215,-22215,-24715,-21715,-21977,-21977,-22239,-22501,-24241,-24503,-24503,-24503,-24765,-25027,-25027,-25027,-26767,-26767,-23767,-18967,-19229,-19229,-19229,-16229,-16229,-16229,-16229,-16491,-16491,-16753,-16753,-16753,-16753,-16753,-18493,-18493,-18493,-15493,-15493,-12755,-12755,-12755,-7815,-7815,-4815,-4815,-4815,-5077,-5077,-5077,-5077,-5077,-5339,-2339,-2339,-2339,-4079,-4079,-4079,-4341,-1341,-1341,-1341,-1341,-1341,-1341,-1341,-1341,-1341,-1341,-1341,-1341,1659,1659,1659,1659,1659,1659,4659,4659,4659,4659,4659,4659
13.01.07.010,26,26,26,26,26,26,26,26,26,26,26,26,26,26,26,26,26,26,26,26,26,26,26,26,26,26,26,26,26,26,26,26,26,26,26,26,26,26,26,26,26,26,26,26,26,26,26,26,26,26,26,26,26,26,26,26,26,26,26,26,26,26,26,26,26,26,26,26,26,26,26,26,26,26,26,26,26,26,26,26,26,26,26,26,26,26,26,26,26,26,26,26,26,26,26,26,26,26,26,26,26,26,26,26,26,26,26,26,26,26,26,26,26,26,26,26,26,26,26,26,26,26,26,26,26,26,26,26,26,26,26,26,26,26,26,26
13.01.07.011,174,174,174,174,174,174,174,174,174,174,174,174,174,174,174,174,174,174,174,174,174,174,174,174,174,174,174,174,174,174,174,174,174,174,174,174,174,174,174,174,174,174,174,174,174,174,174,174,174,174,174,174,174,174,174,174,174,174,174,174,174,174,174,174,174,174,174,174,174,174,174,174,174,174,174,174,174,174,174,174,174,174,174,174,174,174,174,174,174,174,174,174,174,174,174,174,174,174,174,174,174,174,174,174,174,174,174,174,174,174,174,174,174,174,174,174,174,174,174,174,174,174,174,174,174,174,174,174,174,174,174,174,174,174,174,174
13.01.07.005,740,740,740,740,740,740,740,740,740,740,740,740,740,740,740,740,740,740,740,740,740,740,740,740,740,740,740,740,740,740,740,740,740,740,740,740,740,740,740,740,740,740,740,740,740,740,740,740,740,740,740,740,740,740,740,740,740,695,695,695,695,695,650,650,650,650,650,650,650,650,650,650,650,605,605,605,605,605,605,605,605,605,605,605,605,605,605,605,605,605,605,605,560,560,560,560,560,560,560,560,560,560,560,560,560,560,560,560,560,560,560,560,515,515,515,515,515,515,515,515,515,515,515,515,515,515,515,515,515,515,515,515,515,515,515,515
13.01.07.003,77,77,77,77,77,77,77,77,77,77,77,77,77,77,77,77,77,77,77,77,77,77,77,77,77,77,77,77,77,77,77,77,77,77,77,77,77,77,77,77,77,77,-3603,-3603,-3603,-3603,-3603,-3603,-3603,-3603,-3603,-3603,-3603,-3603,-3603,-3603,-3603,-3603,-3603,-3603,-3603,-3603,-3603,-3603,-3603,-3603,-3603,-3603,-3603,-3603,-3603,-3603,-3603,-3603,-3603,-3603,-3603,-3603,-3603,-3603,-3603,-3603,-3603,-3603,-3603,97,97,97,97,97,97,97,97,97,97,97,97,97,97,97,97,97,97,97,97,97,97,97,97,97,97,97,97,97,97,97,97,97,97,97,97,97,97,97,97,97,97,97,97,97,97,97,97,97,97,97
13.01.07.006,200,200,200,200,200,200,200,200,200,200,200,200,200,200,200,200,200,200,200,200,200,200,200,200,200,200,200,200,200,200,200,200,200,200,200,200,200,200,200,200,200,200,200,200,200,200,200,200,200,200,200,200,200,200,200,200,200,200,200,200,200,200,200,200,200,200,200,200,200,200,200,200,200,200,200,200,200,200,200,200,200,200,200,200,200,200,200,200,200,200,200,200,200,200,200,200,200,200,200,200,200,200,200,200,200,200,200,200,200,200,200,200,200,200,200,200,200,200,200,200,200,200,200,200,200,200,200,200,200,200,200,200,200,200,200,200
13.01.07.007,0,0,0,0,0,0,0,0,0,0,0,0,0,0,0,0,0,0,0,0,0,0,0,0,0,0,0,0,0,0,0,0,0,0,0,0,0,0,0,0,0,0,0,0,0,0,0,0,0,0,0,0,0,0,0,0,0,0,0,0,0,0,0,0,0,0,0,0,0,0,0,0,0,0,0,0,0,0,0,0,0,0,0,0,0,0,0,0,0,0,0,0,0,0,0,0,0,0,0,0,0,0,0,0,0,0,0,0,0,0,0,0,0,0,0,0,0,0,0,0,0,0,0,0,0,0,0,0,0,0,0,0,0,0,0,0
13.01.07.008,155,155,155,155,1055,1055,1055,55,55,55,55,55,-1945,-3945,-3945,-3945,-3945,-3945,-3945,-3945,-3945,-3945,-3945,-5445,-6945,-6945,-6945,-7945,-7945,-7945,-7945,-7945,-7945,-7945,-7945,-10945,-10945,-10945,-10945,-10945,-10945,-10945,-10945,-10945,-10945,-12945,-10945,-8945,-7445,-5945,-5945,-5945,-5945,-5945,-5945,-5945,-5945,-5945,-5945,-5945,-5945,-5945,-5945,-5945,-5945,-5945,-5945,-5945,-4945,-4945,-4945,-4945,-4945,-4945,-4945,-4945,-4945,-1945,-1945,-1945,-1945,-1945,-1945,-1945,-1945,-1945,-1945,55,55,55,55,55,55,55,55,55,55,55,55,55,55,55,55,55,55,55,55,55,55,55,55,55,55,55,55,55,55,55,55,55,55,55,55,55,55,55,55,55,55,55,55,55,55,55,55,55
13.01.07.009,123,123,123,123,123,123,123,123,123,123,123,123,123,123,123,123,123,123,123,123,123,123,123,123,123,123,123,123,123,123,123,123,123,123,123,123,123,123,123,123,123,123,123,123,123,123,123,123,123,123,123,123,123,123,123,123,123,123,123,123,123,123,123,123,123,123,123,123,123,123,123,123,123,123,123,123,123,123,123,123,123,123,123,123,123,123,123,123,123,123,123,123,123,123,123,123,123,123,123,123,123,123,123,123,123,123,123,123,123,123,123,123,123,123,123,123,123,123,123,123,123,123,123,123,123,123,123,123,123,123,123,123,123,123,123,123
13.01.09.001,10,10,10,10,10,10,8,8,8,8,6,6,6,6,6,4,4,4,4,4,4,2,2,2,2,2,2,2,0,0,0,0,0,0,-2,-2,-2,-2,-4,-4,-4,-4,-4,-4,-6,-6,-8,-8,-8,-8,-8,7,27,27,27,27,25,25,23,21,16,14,14,14,12,10,10,10,5,5,5,5,3,3,3,3,3,3,3,1,1,19,19,19,19,19,14,14,14,14,14,12,12,12,12,12,32,32,32,30,30,30,30,30,28,28,28,28,23,23,23,21,21,21,21,21,21,21,21,21,21,21,21,21,21,21,21,21,21,21,21,21,21,21,21,21
13.01.09.002,55,55,55,55,55,55,54,54,54,54,53,53,53,53,53,52,52,52,52,52,52,51,51,51,51,51,51,51,50,50,50,50,50,50,49,49,49,49,48,48,48,48,48,48,47,47,46,46,46,46,46,35,35,35,35,35,34,34,33,32,21,20,20,20,19,18,18,18,7,7,7,7,6,6,6,6,6,6,6,5,5,4,4,4,4,4,-7,-7,-7,-7,-7,-8,-8,-8,-8,-8,-8,-8,-8,-9,-9,-9,-9,-9,-10,-10,40,40,29,29,29,28,28,28,28,28,28,28,28,28,28,28,28,28,28,28,28,28,28,28,28,28,28,28,28,28
13.01.09.003,6,6,6,26,26,26,25,25,25,25,24,24,24,24,24,23,23,23,23,23,23,22,22,22,22,22,22,22,21,21,21,21,21,21,20,20,20,20,19,19,19,19,19,19,18,18,17,17,17,17,17,16,16,16,16,16,15,15,14,13,12,11,11,11,10,9,9,9,8,8,8,8,7,7,7,7,7,7,7,6,6,5,5,5,5,5,4,4,24,24,24,23,23,23,23,23,23,23,23,22,22,22,22,22,21,21,21,21,20,20,20,19,19,19,19,19,19,19,19,19,19,19,19,19,19,19,19,19,19,19,19,19,19,19,19,19
13.01.09.004,1,1,1,1,1,1,1,1,1,1,1,1,1,1,1,1,1,1,1,1,1,1,1,1,1,1,1,1,1,1,1,1,1,1,1,1,1,1,1,1,1,1,1,1,1,1,1,1,1,1,1,1,1,1,1,1,1,1,1,1,1,1,1,1,1,1,1,1,1,1,1,1,1,1,1,1,1,1,1,1,1,1,1,1,1,1,1,1,1,1,1,1,1,1,1,1,1,1,1,1,1,1,1,1,1,1,1,1,1,1,1,1,1,1,1,1,1,1,1,1,1,1,1,1,1,1,1,1,1,1,1,1,1,1,1,1
13.01.05.006,103,103,103,103,103,103,88,88,88,88,73,73,73,73,73,-142,-142,-142,-142,-142,-142,-157,-157,-157,-157,-157,-157,-157,-172,-172,-172,-172,-52,-52,-67,-67,-67,-67,-82,-82,-82,-82,-82,-82,-97,-97,-112,-112,-112,-112,-112,-132,-132,-132,-132,-132,-147,-147,-162,-177,-197,-212,-212,-212,-227,-242,-242,-242,-262,-142,-142,-142,-157,-157,-157,-157,-157,-157,-157,-172,-52,-67,-67,-67,-67,-67,-87,-87,-87,-87,-87,-102,-102,-102,-102,-102,-102,-102,-102,-117,-117,-117,-117,-117,-132,-12,-12,-12,-32,-32,-32,-47,-47,-47,-47,-47,-47,-47,-47,-47,-47,-47,-47,-47,-47,73,73,73,73,73,73,73,73,73,73,73
13.01.05.018,21,21,21,21,21,21,2,2,2,122,103,103,103,103,103,84,84,84,84,84,84,65,65,65,65,65,65,65,46,46,46,46,46,46,27,27,27,27,8,8,8,8,8,8,-11,-11,-30,-30,-30,-30,-30,-49,-49,-49,-49,-49,-68,-68,-87,-106,-125,-144,-144,-144,-163,-182,-182,-182,-201,-201,-201,-201,-220,-220,-220,-220,-100,-100,-100,-119,-119,-138,-138,-138,-138,-138,-157,-157,-157,-157,-157,-176,-176,-56,-56,-56,-56,-56,-56,-75,-75,-75,-75,-75,-94,-94,-94,-94,-113,-113,7,-12,-12,-12,-12,-12,-12,-12,-12,-12,-12,-12,-12,-12,-12,-12,-12,-12,-12,-12,-12,-12,-12,-12,-12,108
13.01.05.005,9,9,9,9,9,9,-25,-25,-25,-25,-59,-59,-59,-59,-59,-93,-93,-93,-93,-93,-93,-127,-127,-127,-127,-127,-127,-127,-161,-161,-161,-161,-161,-161,-195,-195,-195,-195,-229,-229,-229,-229,-229,-229,-263,-263,-297,-297,-297,-297,-297,-382,-382,-382,-262,-142,-176,-176,-210,-244,-329,-363,-363,-363,-397,-431,-431,-431,-516,-516,-516,-516,-550,-550,-550,-550,-550,-430,-430,-464,-464,-498,-498,-498,-498,-498,-583,-583,-583,-583,-583,-617,-497,-497,-497,-377,-377,-377,-377,-411,-411,-291,-291,-291,-325,-325,-325,-325,-410,-410,-410,-444,-324,-324,-324,-324,-324,-324,-204,-204,-204,-84,-84,-84,-84,-84,-84,-84,36,36,36,36,156,156,156,156
13.01.05.015,0,0,0,0,0,0,0,0,0,0,0,0,0,0,0,0,0,0,0,0,0,0,0,0,0,0,0,0,0,0,0,0,0,0,0,0,0,0,0,0,0,0,0,0,0,0,0,0,0,0,0,0,0,0,0,0,0,0,0,0,0,0,0,0,0,0,0,0,0,0,0,0,0,0,0,0,0,0,0,0,0,0,0,0,0,0,0,0,0,0,0,0,0,0,0,0,0,0,0,0,0,0,0,0,0,0,0,0,0,0,0,0,0,0,0,0,0,0,0,0,0,0,0,0,0,0,0,0,0,0,0,0,0,0,0,0
13.01.05.017,72,74,76,76,76,-374,-376,-776,-776,-776,-770,-770,-770,-770,-770,-902,-902,-902,-902,-902,-902,-1364,-1364,-1364,-1364,-1364,-1364,-1364,-1366,-2866,-2866,-2866,-2866,-2866,-2868,-2868,-2868,-2868,-2870,-2870,-2870,-2870,-2870,-2870,-2872,-2872,-2874,-2874,-2874,-2874,-2456,-2525,-2107,-2107,-2107,-2107,-2109,-2109,-2111,-2113,-2182,-2184,-2184,-2184,-2186,-696,-696,-216,-285,-165,-165,-165,-167,-167,-167,-167,-167,-167,-167,-169,-169,-171,-171,-171,-171,-171,-240,-240,-240,-240,-120,-122,-122,-122,-122,-122,-122,-122,-122,-124,-124,-124,-124,-124,-126,-6,-6,-6,-75,-75,-75,-77,-77,-77,-77,-77,-77,-77,-77,-77,-77,-77,-77,-77,-77,-77,43,43,43,43,43,43,43,43,43,43
13.01.05.016,260,260,260,260,260,260,257,257,257,257,254,254,254,254,254,251,251,251,251,251,251,248,248,248,248,248,248,248,245,245,245,245,245,245,242,242,242,242,239,239,239,239,239,239,236,236,233,233,233,233,233,222,222,222,222,222,219,219,216,213,202,199,199,199,196,193,193,193,182,182,182,182,179,179,179,179,179,179,179,176,176,173,173,173,173,173,162,162,162,162,162,159,159,159,159,159,159,159,159,156,156,156,156,156,153,153,153,153,142,142,142,139,139,139,139,139,139,139,139,139,139,139,139,139,139,139,139,139,139,139,139,139,139,139,139,139
13.01.05.011,51,51,51,51,51,51,49,49,49,49,47,47,47,47,47,45,45,45,45,45,45,43,43,43,43,43,43,43,41,41,41,41,41,41,39,39,39,39,37,37,37,37,37,37,35,35,33,33,33,33,33,31,31,31,31,31,29,29,27,25,23,21,21,21,19,17,17,17,15,15,15,15,13,13,13,13,13,13,13,11,11,9,9,9,9,9,7,7,7,7,7,5,5,5,5,5,5,5,5,3,3,3,3,3,1,1,1,1,-1,-1,-1,-3,-3,-3,-3,-3,-3,-3,-3,-3,-3,-3,-3,-3,-3,-3,-3,-3,27,27,27,27,27,27,27,27
13.01.05.013,33,33,33,33,33,33,30,30,30,30,27,27,27,27,27,24,24,24,24,24,84,-119,-119,-119,-119,-119,-119,-119,-122,-122,-122,-122,-122,-122,-225,-225,-225,-225,-228,-228,-228,-228,-228,-228,-231,-231,-234,-234,-234,-234,-234,-247,-247,-247,-247,-247,-250,-250,-253,-256,-269,-272,-272,-272,-275,-278,-278,-278,-291,-291,-291,-291,-294,-104,-104,-104,-104,-104,-104,-47,-47,-50,-50,-50,-50,-50,-63,-63,-63,-63,-63,-6,-6,-6,-6,-6,-6,-6,-6,-9,-9,-9,-9,-9,-12,-12,-12,-12,-25,-25,-25,-28,-28,-28,-28,32,32,32,32,32,32,32,32,32,32,32,32,32,32,32,32,32,32,32,32,32
13.01.05.032,13,13,13,13,13,13,13,13,13,13,13,13,13,13,13,13,13,13,13,13,13,13,13,13,13,13,13,13,13,13,13,13,13,13,13,13,13,13,13,13,13,13,13,13,13,13,13,13,13,13,13,13,13,13,13,13,13,13,13,13,13,13,13,13,13,13,13,13,13,13,13,13,13,13,13,13,13,13,13,13,13,13,13,13,13,13,13,13,13,13,13,13,13,13,13,13,13,13,13,13,13,13,13,13,13,13,13,13,13,13,13,13,13,13,13,13,13,13,13,13,13,13,13,13,13,13,13,13,13,13,13,13,13,13,13,13
13.01.05.033,18,18,18,18,18,18,18,18,18,18,18,18,18,18,18,18,18,18,18,18,18,18,18,18,18,18,18,18,18,18,18,18,18,18,18,18,18,18,18,18,18,18,18,18,18,18,18,18,18,18,18,18,18,18,18,18,18,18,18,18,18,18,18,18,18,18,18,18,18,18,18,18,18,18,18,18,18,18,18,18,18,18,18,18,18,18,18,18,18,18,18,18,18,18,18,18,18,18,18,18,18,18,18,18,18,18,18,18,18,18,18,18,18,18,18,18,18,18,18,18,18,18,18,18,18,18,18,18,18,18,18,18,18,18,18,18
13.01.02.026,131,521,521,1231,1231,1231,1231,1231,231,231,231,231,231,231,1231,1231,1231,1231,1231,1231,1231,1231,81,81,81,81,81,81,81,81,81,81,81,81,81,81,81,81,81,81,81,81,81,81,81,81,81,81,81,81,81,81,81,81,81,81,81,81,81,81,81,81,81,81,81,81,81,81,81,81,81,81,81,81,81,81,81,81,81,81,81,81,81,81,81,81,81,81,81,81,81,81,81,81,81,81,81,81,81,81,81,81,81,81,81,81,81,81,81,81,81,81,81,81,81,81,81,81,81,81,81,81,81,81,81,81,81,81,81,81,81,81,81,81,81,81
13.01.02.037,53,53,53,53,53,53,53,53,53,53,53,53,53,53,53,53,53,53,53,53,53,53,53,53,53,53,53,53,53,53,53,53,53,53,53,53,53,53,53,53,53,53,53,53,53,53,53,53,53,53,53,53,53,53,53,53,53,53,53,53,53,53,53,53,53,53,53,53,53,53,53,53,53,53,53,53,53,53,53,53,53,53,53,53,53,53,53,53,53,53,53,53,53,53,53,53,53,53,53,53,53,53,53,53,53,53,53,53,53,53,53,53,53,53,53,53,53,53,53,53,53,53,53,53,53,53,53,53,53,53,53,53,53,53,53,53
13.01.02.038,22,22,22,122,222,222,316,316,316,316,310,310,310,310,310,304,304,304,304,304,304,268,268,268,268,268,268,268,262,262,262,262,262,262,256,256,256,256,250,250,250,250,250,250,194,194,188,188,188,188,188,177,177,177,177,177,171,171,165,159,148,142,142,142,136,130,130,130,119,119,119,119,113,113,113,113,113,113,113,107,107,101,101,101,101,101,90,90,90,90,90,84,84,84,84,84,84,84,84,78,78,78,78,78,72,72,72,72,61,61,61,55,55,55,55,55,55,55,55,55,55,55,55,55,55,55,55,55,55,55,55,55,55,55,55,55
13.01.02.030,2,2,2,2,2,2,2,2,2,2,2,2,2,2,2,2,2,2,2,2,2,2,2,2,102,102,102,52,52,52,52,52,52,52,52,52,52,52,52,52,52,52,52,52,52,52,52,52,52,52,52,52,52,52,52,52,52,52,52,52,52,52,52,52,52,52,52,52,52,52,52,52,52,52,52,52,52,52,52,52,52,52,52,52,52,52,52,52,52,52,52,52,52,52,52,52,52,52,52,52,52,52,52,52,52,52,52,52,52,52,52,52,52,52,52,52,52,52,52,52,52,52,52,52,52,52,52,52,52,52,52,52,52,52,52,52
13.01.02.025,0,0,0,0,0,0,0,0,0,0,0,0,0,0,0,0,0,0,0,0,0,-1500,-1500,-1500,-1500,-1500,-1500,-1500,-1500,-1500,-1500,-1500,-1500,-1500,-1500,-1500,-1500,-1500,-1500,-1500,-1500,-1500,-1500,0,0,0,0,0,0,0,0,0,0,0,0,0,0,0,0,0,0,0,0,0,0,0,0,0,0,0,0,0,0,0,0,0,0,0,0,0,0,0,0,0,0,0,0,0,0,0,0,0,0,0,0,0,0,0,0,0,0,0,0,0,0,0,0,0,0,0,0,0,0,0,0,0,0,0,0,0,0,0,0,0,0,0,0,0,0,0,0,0,0,0,0,0
13.01.02.023,195,295,295,295,-55,-55,-79,-79,-79,-79,-103,-103,-103,-103,-103,-127,-127,-127,-127,-127,-127,-151,-151,-151,-151,-151,-151,-151,-925,-925,-925,-721,-721,-625,-649,-649,-649,-649,-673,-673,-673,-673,-673,-673,-697,-697,-721,-721,-721,-721,-721,-866,-866,-866,-866,-866,-890,-890,-914,-938,-1083,-1107,-1107,-1107,-1131,-1155,-1155,-1155,-1300,-1300,-1300,-1300,-1324,-1324,-1324,-1324,-1324,-1324,-1324,-1348,-1348,-1372,-1372,-1372,-1372,-1372,-1517,-1517,-1517,-1517,-1517,-1541,-1541,-1541,-1541,-1541,-1541,-1541,-1541,-1565,-1565,-1565,-1565,-1565,-1589,-1589,-1589,-1589,-1734,-1734,-1734,-1758,-1758,-1758,-1758,-1758,-1758,-1758,-1758,-1758,-1758,-1758,-1758,-1758,-1758,-1758,-1758,-1758,-1758,-1758,-1758,-1758,-1758,-1758,-1758,242
13.01.02.024,-49,-49,151,151,151,151,-21,-21,-21,-21,-93,-93,-93,-93,-93,-165,-165,-165,-165,-165,-165,-237,-237,-237,-237,-237,-237,-237,-309,-309,-309,-309,-309,-309,-381,-381,-381,-381,-453,-453,-453,-453,-453,-453,-925,-925,-997,-997,-997,-997,-997,-1116,-1116,-1116,-1116,-1116,-1188,-1188,-1260,-1332,-1451,-1523,-1523,-1523,-1595,-1667,-1667,-1667,-1786,-1786,-1786,-1786,-1858,-1858,-1858,-1858,-1858,-1858,-1858,-1930,-1930,-2002,-2002,-2002,-2002,-2002,-2121,-2121,-2121,-2121,-2121,-2193,-2193,-2193,-2193,-2193,-2193,-2193,-2193,-2265,-2265,-2265,-2265,-2265,-2337,-2337,-2337,-2337,-2456,-2456,-2456,-2528,-2528,-2528,-2528,-2528,-2528,-2528,-2528,-2528,-2528,-2528,-2528,-2528,-2528,-2528,-2528,-2528,-2528,-2528,-2528,-2528,-2528,-2528,-2528,272
13.01.02.039,1,1,1,1,1,-15,-15,-15,-15,-15,-15,-15,-15,-15,-15,-15,-15,-15,-15,-15,-15,-15,-15,-15,-15,-515,-515,-515,-515,-515,-515,-515,-415,-415,-415,-415,-415,-415,-415,-415,-415,-415,-415,-415,-415,-415,-415,-415,-415,-415,-415,-415,-415,-415,-415,-415,-415,-415,-415,-415,-415,-415,-415,-415,-415,-415,-415,-415,-415,-415,-415,-415,-415,-415,-415,-415,-415,-415,-415,-415,-415,-415,-415,-415,-415,-415,-415,-415,-415,-415,-415,-415,-415,-415,-415,-415,-415,-415,-415,-415,-415,-415,-415,-415,-415,-415,-415,-415,-415,-415,-415,-415,-415,-415,-415,-415,-415,-415,-415,-415,-415,-415,-415,-415,-415,-415,-415,-415,-415,-415,-415,-415,-415,-415,-415,35
13.01.02.040,30,30,30,30,30,30,30,30,30,30,30,30,30,30,30,30,30,30,30,30,30,30,30,30,30,30,30,30,30,30,30,30,30,30,30,30,30,30,30,30,30,30,30,30,30,30,30,30,30,30,30,30,30,30,30,30,30,30,30,30,30,30,30,30,30,30,30,30,30,30,30,30,30,30,30,30,30,30,30,30,30,30,30,30,30,30,30,30,30,30,30,30,30,30,30,30,30,30,30,30,30,30,30,30,30,30,30,30,30,30,30,30,30,30,30,30,30,30,30,30,30,30,30,30,30,30,30,30,30,30,30,30,30,30,30,30
13.01.06.004,269,269,269,269,269,269,261,261,261,261,253,253,253,253,253,245,245,245,245,245,245,207,207,207,207,207,207,207,199,199,199,199,199,199,191,191,191,191,183,183,383,583,583,583,525,525,517,517,517,517,517,473,473,473,473,473,465,465,457,449,405,397,397,397,389,381,381,381,337,337,337,337,329,329,329,329,329,329,329,321,321,313,313,313,313,313,269,269,269,269,269,261,261,261,261,261,261,261,261,253,253,253,253,253,245,245,245,245,201,201,201,193,193,193,193,193,193,193,193,193,193,193,193,193,193,193,193,193,193,193,193,193,193,193,193,193
13.01.04.048,67,67,67,67,67,67,67,67,67,67,67,67,67,67,67,67,67,67,67,67,67,67,67,67,67,67,67,67,67,67,67,67,67,67,67,67,67,67,67,67,67,67,67,67,67,67,67,67,67,67,67,67,67,67,67,67,67,64,64,64,64,64,61,61,61,61,61,61,61,61,61,61,61,58,58,58,58,58,58,58,58,58,58,58,58,58,58,58,58,58,58,58,55,55,55,55,55,55,55,55,55,55,55,55,55,55,55,55,55,55,55,55,52,52,52,52,52,52,52,52,52,52,52,52,52,52,52,52,52,52,52,52,52,52,52,52
13.01.04.046,99,99,99,99,99,99,99,99,99,99,99,99,99,99,99,99,99,99,199,199,199,199,199,199,199,199,199,199,199,199,199,199,199,199,199,199,199,199,199,199,199,199,199,199,199,199,199,199,199,199,199,199,199,199,199,199,199,199,192,185,178,171,171,171,164,157,157,157,150,150,150,150,143,143,143,143,143,143,143,136,136,129,129,129,129,129,122,122,122,122,122,115,115,115,115,115,115,115,115,108,108,108,108,108,101,101,101,101,94,94,94,87,87,87,87,87,87,87,87,87,87,87,87,87,87,87,87,87,87,87,87,87,87,87,87,87
13.01.04.051,156,156,156,156,256,246,246,246,246,246,246,246,246,246,246,246,246,246,346,346,346,346,346,346,346,346,346,346,346,346,346,346,346,346,346,346,346,446,446,446,446,446,446,446,446,446,446,446,446,446,446,446,446,446,446,446,446,446,426,406,386,366,366,366,346,326,326,326,306,306,306,306,286,286,286,286,286,286,286,266,266,246,246,246,246,246,226,226,226,226,226,206,206,206,206,206,206,206,206,186,186,186,186,186,166,166,166,166,146,146,146,126,126,126,126,126,126,126,126,126,126,126,126,126,126,126,126,126,126,126,126,126,126,126,126,126
13.01.04.049,0,0,0,0,0,0,0,0,0,0,0,0,0,0,0,0,0,0,0,0,0,0,0,0,0,0,0,0,0,0,0,0,0,0,0,0,0,0,0,0,0,0,0,0,0,0,0,0,0,0,0,0,0,0,0,0,0,0,0,0,0,0,0,0,0,0,0,0,0,0,0,0,0,0,0,0,0,0,0,0,0,0,0,0,0,0,0,0,0,0,0,0,0,0,0,0,0,0,0,0,0,0,0,0,0,0,0,0,0,0,0,0,0,0,0,0,0,0,0,0,0,0,0,0,0,0,0,0,0,0,0,0,0,0,0,0
13.01.04.047,0,0,0,0,0,0,0,0,0,0,0,0,0,0,0,0,0,0,0,0,0,0,0,0,0,0,0,0,0,0,0,0,0,0,0,0,0,0,0,0,0,0,0,0,0,0,0,0,0,0,0,0,0,0,0,0,0,0,0,0,0,0,0,0,0,0,0,0,0,0,0,0,0,0,0,0,0,0,0,0,0,0,0,0,0,0,0,0,0,0,0,0,0,0,0,0,0,0,0,0,0,0,0,0,0,0,0,0,0,0,0,0,0,0,0,0,0,0,0,0,0,0,0,0,0,0,0,0,0,0,0,0,0,0,0,0
13.01.04.050,67,67,67,67,67,67,67,67,67,67,67,67,67,67,67,67,67,67,67,67,67,67,67,67,67,67,67,67,67,67,67,67,67,67,67,67,67,67,67,67,67,67,67,67,67,67,67,67,67,67,67,67,67,67,67,67,67,67,67,67,67,67,67,67,67,67,67,67,67,67,67,67,67,67,67,67,67,67,67,67,67,67,67,67,67,67,67,67,67,67,67,67,67,67,67,67,67,67,67,67,67,67,67,67,67,67,67,67,67,67,67,67,67,67,67,67,67,67,67,67,67,67,67,67,67,67,67,67,67,67,67,67,67,67,67,67
13.01.04.054,90,90,90,90,90,90,90,90,90,90,90,90,90,90,90,90,90,90,90,90,90,90,90,90,90,90,90,90,90,90,90,90,90,90,90,90,90,90,90,90,90,90,90,90,90,90,90,90,90,90,90,90,90,90,90,90,90,90,85,80,75,70,70,70,65,60,60,60,55,55,55,55,50,50,50,50,50,50,50,45,45,40,40,40,40,40,35,35,35,35,35,30,30,30,30,30,30,30,30,25,25,25,25,25,20,20,20,20,15,15,15,10,10,10,10,10,10,10,10,10,10,10,10,10,10,10,10,10,10,10,10,10,10,10,10,10
13.01.04.055,0,0,0,0,100,100,100,100,200,200,200,200,200,200,200,200,200,200,200,300,300,300,300,300,300,400,400,300,300,300,300,300,300,300,300,300,300,300,300,300,300,300,300,300,300,300,300,300,300,300,300,300,300,300,300,300,300,300,284,268,252,236,236,236,220,204,204,204,188,188,188,188,172,172,172,172,172,172,172,156,156,140,140,140,140,140,124,124,124,124,124,108,108,108,108,108,108,108,108,92,92,92,92,92,76,76,76,76,60,60,60,44,44,44,44,44,44,44,44,44,44,44,44,44,44,44,44,44,44,44,44,44,44,44,44,44
13.01.04.056,0,0,0,100,100,200,300,300,300,300,300,300,300,238,238,238,238,238,238,438,438,438,438,438,438,438,438,438,438,438,438,438,438,438,438,438,438,438,438,438,438,438,438,438,438,438,438,438,438,438,438,438,438,438,438,438,438,438,415,392,369,346,346,346,323,300,300,300,277,277,277,277,254,254,254,254,254,254,254,231,231,208,208,208,208,208,185,185,185,185,185,162,162,162,162,162,162,162,162,139,139,139,139,139,116,116,116,116,93,93,93,70,70,70,70,70,70,70,70,70,70,70,70,70,70,70,70,70,70,70,70,70,70,70,70,70
13.01.02.035,77,77,77,77,77,77,68,68,68,68,59,59,59,59,59,50,50,50,50,50,50,41,41,41,41,41,41,41,32,32,32,32,32,32,23,23,23,23,14,14,14,14,14,14,5,5,-4,-4,-4,-4,-4,-19,-19,-19,-19,-19,-28,-28,-37,-46,-61,-70,-70,-70,-79,-88,-88,-88,-103,-103,-103,-103,-112,-112,-112,-112,-112,-112,-112,-121,-121,-130,-130,-130,-130,-130,-145,-145,-145,-145,-145,-154,-154,-154,-154,-154,-154,-154,-154,-163,-163,-163,-163,-163,-172,-172,-172,-172,-187,-187,-187,-196,-196,-196,-196,-196,-196,-196,-196,-196,-196,-196,-196,-196,-196,-196,-196,-196,-196,-196,-196,-196,-196,-196,-196,104
13.01.02.033,0,0,0,0,0,0,0,0,0,0,0,0,0,0,0,0,0,0,0,0,0,0,0,0,0,0,0,0,0,0,0,0,0,0,0,0,0,0,0,0,0,0,0,0,0,0,0,0,0,0,0,0,0,0,0,0,0,0,0,0,0,0,0,0,0,0,0,0,0,0,0,0,0,0,0,0,0,0,0,0,0,0,0,0,0,0,0,0,0,0,0,0,0,0,0,0,0,0,0,0,0,0,0,0,0,0,0,0,0,0,0,0,0,0,0,0,0,0,0,0,0,0,0,0,0,0,0,0,0,0,0,0,0,0,0,0
13.01.02.036,30,30,30,30,30,-20,-26,-26,-26,-26,-32,-32,-32,-32,-32,-38,-38,-38,-38,-38,-38,-44,-44,-44,-44,-44,-44,-44,-50,-50,-50,-50,-50,-50,-56,-56,-4,-4,-10,-10,-10,-10,-10,-10,-16,-16,-22,-22,-22,-22,-22,-45,-45,-45,-45,-45,-51,-51,-57,-63,-86,-92,-92,-92,-98,-104,-104,-104,-127,-127,-127,-127,-133,-133,-133,-133,-133,-133,-133,-139,-139,-145,-145,-145,-145,-145,-168,-168,-168,-168,-168,-174,-174,-174,-174,-174,-174,-174,-174,-180,-180,-180,-180,-180,-186,-186,-186,-186,-209,-209,-209,-215,-215,-215,-215,-215,-215,-215,-215,-215,-215,-215,-215,-215,-215,-215,-215,-215,-215,-215,-215,-215,-215,-215,-215,33
13.01.02.034,0,0,0,0,0,0,0,0,0,0,0,0,0,0,0,0,0,0,0,0,0,0,0,0,0,0,0,0,0,0,0,0,0,0,0,0,0,0,0,0,0,0,0,0,0,0,0,0,0,0,0,0,0,0,0,0,0,0,0,0,0,0,0,0,0,0,0,0,0,0,0,0,0,0,0,0,0,0,0,0,0,0,0,0,0,0,0,0,0,0,0,0,0,0,0,0,0,0,0,0,0,0,0,0,0,0,0,0,0,0,0,0,0,0,0,0,0,0,0,0,0,0,0,0,0,0,0,0,0,0,0,0,0,0,0,0
13.01.08.011,0,0,0,0,0,0,0,0,0,0,0,0,0,0,0,0,0,0,0,0,0,0,0,0,0,0,0,0,0,0,0,0,0,0,0,0,0,0,0,0,0,0,0,0,0,0,0,0,0,0,0,0,0,0,0,0,0,0,0,0,0,0,0,0,0,0,0,0,0,0,0,0,0,0,0,0,0,0,0,0,0,0,0,0,0,0,0,0,0,0,0,0,0,0,0,0,0,0,0,0,0,0,0,0,0,0,0,0,0,0,0,0,0,0,0,0,0,0,0,0,0,0,0,0,0,0,0,0,0,0,0,0,0,0,0,0
13.01.05.035,-59,-59,-59,-59,-59,-59,-59,-59,-59,-59,-59,-59,-59,-59,-59,-59,-59,-59,-59,-59,-59,-59,-59,-59,-59,-59,-59,-59,-59,-59,-59,-59,-59,-59,-59,-59,-59,-59,-59,-59,-59,-59,-59,-59,-59,-59,-89,-89,-89,-89,-89,-59,-59,-59,-29,-29,-29,-29,-29,-29,-29,-29,-29,-29,-29,-29,-29,-29,-29,-29,-29,-29,-29,-29,-29,-29,-29,-29,-29,-29,1,1,1,1,1,1,1,1,1,1,1,1,1,1,1,1,1,1,1,1,1,1,1,1,1,1,1,1,1,1,1,1,1,1,1,1,1,1,1,1,1,1,1,1,1,1,1,1,1,1,1,1,1,1,1,1
13.01.05.021,6,6,6,6,6,6,6,6,6,6,6,6,6,6,6,6,6,6,6,6,6,6,6,6,6,6,6,6,6,6,6,6,6,6,6,6,6,6,6,6,6,6,6,6,6,6,6,6,6,6,6,6,6,6,6,6,6,6,6,6,6,6,6,6,6,6,6,6,6,6,6,6,6,6,6,6,6,6,6,6,6,6,6,6,6,6,6,6,6,6,6,6,6,6,6,6,6,6,6,6,6,6,6,6,6,6,6,6,6,6,6,6,6,6,6,6,6,6,6,6,6,6,6,6,6,6,6,6,6,6,6,6,6,6,6,6
13.01.02.031,4,4,4,4,4,4,4,4,4,4,4,4,4,4,4,4,4,4,4,4,4,4,4,4,4,4,4,4,4,4,4,4,4,4,4,4,4,4,4,4,4,4,4,4,4,4,4,4,4,4,4,4,4,4,4,4,4,4,4,4,4,4,4,4,4,4,4,4,4,4,4,4,4,4,4,4,4,4,4,4,4,4,4,4,4,4,4,4,4,4,4,4,4,4,4,4,4,4,4,4,4,4,4,4,4,4,4,4,4,4,4,4,4,4,4,4,4,4,4,4,4,4,4,4,4,4,4,4,4,4,4,4,4,4,4,4
13.01.04.062,0,0,0,0,0,0,0,0,0,-2300,-2300,-2300,-2300,-2300,-2300,-2300,-2300,-2300,-2300,-2300,-2300,-2300,-2300,-2300,-2300,-2300,-2300,-2300,-2300,-2300,-2300,-2300,-2300,-2300,-2300,-2300,-2300,-2300,-2300,-2300,-2300,-2300,-2300,-2300,-2300,-2300,-2300,-2300,-2300,-2300,0,0,0,0,0,0,0,0,0,0,0,0,0,0,0,0,0,0,0,0,0,0,0,0,0,0,0,0,0,0,0,0,0,0,0,0,0,0,0,0,0,0,0,0,0,0,0,0,0,0,0,0,0,0,0,0,0,0,0,0,0,0,0,0,0,0,0,0,0,0,0,0,0,0,0,0,0,0,0,0,0,0,0,0,0,0
13.01.04.061,0,0,0,0,0,0,0,0,0,0,0,0,0,0,0,0,0,0,0,0,0,0,0,0,0,0,0,0,0,0,0,0,0,0,0,0,0,0,0,0,0,0,0,0,0,0,0,0,0,0,0,0,0,0,0,0,0,0,0,0,0,0,0,0,0,0,0,0,0,0,0,0,0,0,0,0,0,0,0,0,0,0,0,0,0,0,0,0,0,0,0,0,0,0,0,0,0,0,0,0,0,0,0,0,0,0,0,0,0,0,0,0,0,0,0,0,0,0,0,0,0,0,0,0,0,0,0,0,0,0,0,0,0,0,0,0
DZ.01.02.023.HNHL,0,0,0,0,0,0,0,0,0,0,0,0,0,0,0,0,0,0,0,0,0,0,0,0,0,0,0,0,0,0,0,0,0,0,0,0,0,0,0,0,0,0,0,0,0,0,0,0,0,0,0,0,0,0,0,0,0,0,0,0,0,0,0,0,0,0,0,0,0,0,0,0,0,0,0,0,0,0,0,0,0,0,0,0,0,0,0,0,0,0,0,0,0,0,0,0,0,0,0,0,0,0,0,0,0,0,0,0,0,0,0,0,0,0,0,0,0,0,0,0,0,0,0,0,0,0,0,0,0,0,0,0,0,0,0,0
DZ.01.02.023.ZM,0,0,0,0,0,0,0,0,-250,-250,-250,-250,-250,-250,-250,-250,-250,-250,-250,-250,-250,-250,-250,-250,-250,-250,-250,-250,-250,-250,-250,-250,0,0,0,0,0,0,0,0,0,0,0,0,0,0,0,0,0,0,0,0,0,0,0,0,0,0,0,0,0,0,0,0,0,0,0,0,0,0,0,0,0,0,0,0,0,0,0,0,0,0,0,0,0,0,0,0,0,0,0,0,0,0,0,0,0,0,0,0,0,0,0,0,0,0,0,0,0,0,0,0,0,0,0,0,0,0,0,0,0,0,0,0,0,0,0,0,0,0,0,0,0,0,0,0
DZ.01.02.023.ZM02 ,0,0,0,0,-130,-130,-130,-130,-130,-130,-130,-130,-130,-130,-130,-130,-130,-130,-130,-130,-130,-130,-130,-130,-130,-130,-130,-130,-130,-130,0,0,0,0,0,0,0,0,0,0,0,0,0,0,0,0,0,0,0,0,0,0,0,0,0,0,0,0,0,0,0,0,0,0,0,0,0,0,0,0,0,0,0,0,0,0,0,0,0,0,0,0,0,0,0,0,0,0,0,0,0,0,0,0,0,0,0,0,0,0,0,0,0,0,0,0,0,0,0,0,0,0,0,0,0,0,0,0,0,0,0,0,0,0,0,0,0,0,0,0,0,0,0,0,0,0
DZ.01.05.017.Bordelaise,0,0,0,0,0,0,0,0,0,0,0,0,0,0,0,0,0,0,0,0,0,0,0,0,0,0,0,0,0,0,0,0,0,0,0,0,0,0,0,0,-40,-40,-40,-40,-40,-40,-40,-40,-40,-40,-40,-40,-40,-40,-40,-40,-40,-40,-40,-40,-40,-40,-40,-40,-40,-40,-40,-40,-40,-40,-40,-40,-40,-40,-40,0,0,0,0,0,0,0,0,0,0,0,0,0,0,0,0,0,0,0,0,0,0,0,0,0,0,0,0,0,0,0,0,0,0,0,0,0,0,0,0,0,0,0,0,0,0,0,0,0,0,0,0,0,0,0,0,0,0,0,0,0
DZ.01.02.023.F,0,0,0,0,0,0,0,0,0,0,0,0,0,0,0,0,0,0,0,0,0,0,0,0,0,0,0,0,0,0,0,0,0,0,0,0,0,0,0,0,0,0,0,0,-3500,-3500,-3500,-3500,-3500,-3500,-3500,-3500,-3500,-3500,-3500,-3500,-3500,-3500,-3500,-3500,-3500,-3500,-3500,-3500,-3500,-3500,-3500,-3500,-3500,-3500,-3500,-3500,-3500,-3500,-3500,-3500,-3500,-3500,-3500,-3500,-3500,-3500,-3500,-3500,-3500,-3500,-3500,-3500,-3500,-3500,-3500,-3500,-3500,-3500,-3500,-3500,-3500,-3500,-3500,-3500,-3500,-3500,-3500,-3500,-3500,-3500,-3500,-3500,-3500,-3500,-3500,-3500,-3500,-3500,-3500,-3500,-3500,-3500,-3500,-3500,-3500,-3500,-3500,-3500,-3500,-3500,-3500,-3500,-3500,-3500,-3500,-3500,-3500,-3500,0,0
